URN,LONDON/NON-LONDON,MEDIAN,PUPILS,FSM,FSMBAND,GRANTFUNDING,SELFGENERATEDINCOME,TOTALINCOME,TEACHINGSTAFF,SUPPLYTEACHERS,EDUCATIONSUPPORTSTAFF,PREMISES,BACKOFFICE,CATERING,OTHERSTAFF,ENERGY,LEARNINGRESOURCES,ICT,BOUGHTINPROFESSIONALSERVICES,OTHER,TOTALEXPENDITURE,T1112CAT1,T1213CAT1,T1314CAT1,T1415CAT1,DCAT1,T1112CAT2,T1213CAT2,T1314CAT2,T1415CAT2,DCAT2,T1112CAT3,T1213CAT3,T1314CAT3,T1415CAT3,DCAT3,T1112CAT4,T1213CAT4,T1314CAT4,T1415CAT4,DCAT4,T1112CAT5,T1213CAT5,T1314CAT5,T1415CAT5,DCAT5,PGRANTFUNDING,PSELFGENERATEDINCOME,PTOTALINCOME,PTEACHINGSTAFF,PSUPPLYTEACHERS,PEDUCATIONSUPPORTSTAFF,PPREMISES,PBACKOFFICE,PCATERING,POTHERSTAFF,PENERGY,PLEARNINGRESOURCES,PICT,PBOUGHTINPROFESSIONALSERVICES,POTHER,PTOTALEXPENDITURE,PT1112CAT1,PT1213CAT1,PT1314CAT1,PT1415CAT1,PDCAT1,PT1112CAT2,PT1213CAT2,PT1314CAT2,PT1415CAT2,PDCAT2,PT1112CAT3,PT1213CAT3,PT1314CAT3,PT1415CAT3,PDCAT3,PT1112CAT4,PT1213CAT4,PT1314CAT4,PT1415CAT4,PDCAT4,PT1112CAT5,PT1213CAT5,PT1314CAT5,PT1415CAT5,PDCAT5,T1112CAT1LA,T1213CAT1LA,T1314CAT1LA,T1415CAT1LA,T1112CAT2LA,T1213CAT2LA,T1314CAT2LA,T1415CAT2LA,T1112CAT3LA,T1213CAT3LA,T1314CAT3LA,T1415CAT3LA,T1112CAT4LA,T1213CAT4LA,T1314CAT4LA,T1415CAT4LA,T1112CAT5LA,T1213CAT5LA,T1314CAT5LA,T1415CAT5LA,PT1112CAT1LA,PT1213CAT1LA,PT1314CAT1LA,PT1415CAT1LA,PT1112CAT2LA,PT1213CAT2LA,PT1314CAT2LA,PT1415CAT2LA,PT1112CAT3LA,PT1213CAT3LA,PT1314CAT3LA,PT1415CAT3LA,PT1112CAT4LA,PT1213CAT4LA,PT1314CAT4LA,PT1415CAT4LA,PT1112CAT5LA,PT1213CAT5LA,PT1314CAT5LA,PT1415CAT5LA
108910,Non-London,Primary,507,5.1,LOW,5801,148,5949,2909,131,840,340,527,152,142,71,256,29,31,128,5556,2721,2649,2555,3749,1028,93,116,101,131,38,373,346,365,527,154,56,86,72,71,15,4246,4041,3723,5556,1310,98%,2%,,52%,2%,15%,6%,9%,3%,3%,1%,5%,1%,1%,2%,,64%,66%,69%,67%,3%,2%,3%,3%,2%,0%,9%,9%,10%,9%,0%,1%,2%,2%,1%,0%,100%,100%,100%,100%,0%,2472,2531,2599,2730,141,158,133,140,274,267,330,333,49,59,52,51,3595,3746,3879,4405,NA,NA,NA,NA,NA,NA,NA,NA,NA,NA,NA,NA,NA,NA,NA,NA,NA,NA,NA,NA
108912,Non-London,Primary,541,5.5,LOW,3779,131,3910,1780,126,465,268,264,116,152,48,220,129,188,64,3819,2148,2279,2247,2245,97,165,208,144,126,-39,203,221,209,264,61,46,60,50,48,2,3373,3703,3412,3819,446,97%,3%,,47%,3%,12%,7%,7%,3%,4%,1%,6%,3%,5%,2%,,64%,62%,66%,59%,-5%,5%,6%,4%,3%,-2%,6%,6%,6%,7%,1%,1%,2%,1%,1%,0%,100%,100%,100%,100%,0%,2472,2531,2599,2730,141,158,133,140,274,267,330,333,49,59,52,51,3595,3746,3879,4405,NA,NA,NA,NA,NA,NA,NA,NA,NA,NA,NA,NA,NA,NA,NA,NA,NA,NA,NA,NA
108913,Non-London,Primary,199,12.1,LOW,4573,97,4670,1777,291,638,794,334,116,100,57,321,92,32,51,4601,2555,2541,2516,2415,-140,118,98,122,291,173,309,299,323,334,25,59,95,29,57,-2,3644,3737,3902,4601,957,98%,2%,,39%,6%,14%,17%,7%,3%,2%,1%,7%,2%,1%,1%,,70%,68%,64%,52%,-18%,3%,3%,3%,6%,3%,8%,8%,8%,7%,-1%,2%,3%,1%,1%,-1%,100%,100%,100%,100%,0%,2472,2531,2599,2730,141,158,133,140,274,267,330,333,49,59,52,51,3595,3746,3879,4405,NA,NA,NA,NA,NA,NA,NA,NA,NA,NA,NA,NA,NA,NA,NA,NA,NA,NA,NA,NA
108914,Non-London,Primary,284,20.4,MEDIUM,5175,91,5266,2268,114,1028,449,411,152,237,86,225,4,22,80,5075,2665,2780,3058,3296,631,121,120,138,114,-7,329,341,341,411,82,51,67,60,86,35,3951,4252,4538,5075,1124,98%,2%,,45%,2%,20%,9%,8%,3%,5%,2%,4%,0%,0%,2%,,67%,65%,67%,65%,-2%,3%,3%,3%,2%,-1%,8%,8%,8%,8%,0%,1%,2%,1%,2%,1%,100%,100%,100%,100%,0%,2750,2760,2955,3266,174,147,149,122,275,277,307,390,52,60,59,60,4106,4202,4418,5106,NA,NA,NA,NA,NA,NA,NA,NA,NA,NA,NA,NA,NA,NA,NA,NA,NA,NA,NA,NA
108919,Non-London,Primary,200,23.5,MEDIUM,4832,78,4910,2284,82,467,393,574,69,124,94,177,105,2,51,4422,2637,2711,2505,2751,114,256,152,212,82,-174,491,438,549,574,83,95,120,93,94,-1,4569,4473,4134,4422,-147,98%,2%,,52%,2%,11%,9%,13%,2%,3%,2%,4%,2%,0%,1%,,58%,61%,61%,62%,4%,6%,3%,5%,2%,-4%,11%,10%,13%,13%,2%,2%,3%,2%,2%,0%,100%,100%,100%,100%,0%,2750,2760,2955,3266,174,147,149,122,275,277,307,390,52,60,59,60,4106,4202,4418,5106,NA,NA,NA,NA,NA,NA,NA,NA,NA,NA,NA,NA,NA,NA,NA,NA,NA,NA,NA,NA
108920,Non-London,Primary,232,16.8,LOW,4844,30,4874,2280,235,665,261,427,29,170,51,335,52,88,11,4604,2421,2524,2842,2945,524,165,223,324,235,70,335,535,419,427,92,46,51,51,51,5,3595,4176,4134,4604,1009,99%,1%,,50%,5%,14%,6%,9%,1%,4%,1%,7%,1%,2%,0%,,67%,60%,69%,64%,-3%,5%,5%,8%,5%,0%,9%,13%,10%,9%,0%,1%,1%,1%,1%,0%,100%,100%,100%,100%,0%,2472,2531,2599,2730,141,158,133,140,274,267,330,333,49,59,52,51,3595,3746,3879,4405,NA,NA,NA,NA,NA,NA,NA,NA,NA,NA,NA,NA,NA,NA,NA,NA,NA,NA,NA,NA
108921,Non-London,Primary,216,15.7,LOW,4960,57,5017,2274,238,788,246,453,195,262,47,127,31,11,86,4758,2569,2834,3000,3062,493,295,256,254,238,-57,266,353,382,453,187,43,50,49,47,4,3778,4211,4456,4758,980,99%,1%,,48%,5%,17%,5%,10%,4%,6%,1%,3%,1%,0%,2%,,68%,67%,67%,64%,-4%,8%,6%,6%,5%,-3%,7%,8%,9%,10%,3%,1%,1%,1%,1%,0%,100%,100%,100%,100%,0%,2750,2760,2599,2730,174,147,133,140,275,277,330,333,52,60,52,51,4106,4202,3879,4405,NA,NA,NA,NA,NA,NA,NA,NA,NA,NA,NA,NA,NA,NA,NA,NA,NA,NA,NA,NA
108927,Non-London,Primary,341,27.6,MEDIUM,5756,189,5944,2230,64,1172,481,374,159,101,0,291,178,230,48,5327,2775,2910,2813,3402,627,255,352,245,64,-191,347,313,460,374,27,64,47,75,0,-64,4402,4525,4570,5327,925,97%,3%,,42%,1%,22%,9%,7%,3%,2%,0%,5%,3%,4%,1%,,63%,64%,62%,64%,1%,6%,8%,5%,1%,-5%,8%,7%,10%,7%,-1%,1%,1%,2%,0%,-1%,100%,100%,100%,100%,0%,2750,2760,2955,3266,174,147,149,122,275,277,307,390,52,60,59,60,4106,4202,4418,5106,NA,NA,NA,NA,NA,NA,NA,NA,NA,NA,NA,NA,NA,NA,NA,NA,NA,NA,NA,NA
108931,Non-London,Primary,355,24.8,MEDIUM,5036,125,5161,2060,177,1120,388,340,116,234,68,280,22,120,43,4966,2743,2745,3032,3180,437,247,155,214,177,-70,275,272,272,340,65,50,51,34,68,18,4278,4090,4511,4966,688,98%,2%,,41%,4%,23%,8%,7%,2%,5%,1%,6%,0%,2%,1%,,64%,67%,67%,64%,0%,6%,4%,5%,4%,-2%,6%,7%,6%,7%,1%,1%,1%,1%,1%,0%,100%,100%,100%,100%,0%,2750,2760,2955,3266,174,147,149,122,275,277,307,390,52,60,59,60,4106,4202,4418,5106,NA,NA,NA,NA,NA,NA,NA,NA,NA,NA,NA,NA,NA,NA,NA,NA,NA,NA,NA,NA
108934,Non-London,Primary,267,1.9,LOW,4171,216,4387,1856,144,747,354,325,231,187,68,156,27,32,40,4167,2478,2459,2538,2603,125,182,158,92,144,-38,231,226,286,325,94,46,77,77,68,22,3637,3625,3533,4167,530,95%,5%,,45%,3%,18%,8%,8%,6%,4%,2%,4%,1%,1%,1%,,68%,68%,72%,62%,-6%,5%,4%,3%,3%,-2%,6%,6%,8%,8%,2%,1%,2%,2%,2%,1%,100%,100%,100%,100%,0%,2472,2531,2599,2730,141,158,133,140,274,267,330,333,49,59,52,51,3595,3746,3879,4405,NA,NA,NA,NA,NA,NA,NA,NA,NA,NA,NA,NA,NA,NA,NA,NA,NA,NA,NA,NA
108944,Non-London,Primary,222,2.3,LOW,4089,136,4225,2135,136,585,253,277,77,161,63,168,15,37,28,3936,2416,2457,2486,2720,304,247,264,123,136,-111,253,231,230,277,24,52,74,67,63,11,3594,3761,3559,3936,342,97%,3%,,54%,3%,15%,6%,7%,2%,4%,2%,4%,0%,1%,1%,,67%,65%,SUPP,69%,2%,7%,7%,3%,3%,-4%,7%,6%,6%,7%,0%,1%,2%,2%,2%,1%,100%,100%,100%,100%,0%,2472,2531,2599,2730,141,158,133,140,274,267,330,333,49,59,52,51,3595,3746,3879,4405,NA,NA,NA,NA,NA,NA,NA,NA,NA,NA,NA,NA,NA,NA,NA,NA,NA,NA,NA,NA
108955,Non-London,Primary,193,19.2,LOW,3989,87,4075,1321,723,704,147,363,36,133,77,349,51,648,54,4607,2350,2486,3082,2025,-325,231,151,345,723,492,306,330,620,363,57,48,66,64,77,29,3658,3667,5043,4607,949,98%,2%,,29%,16%,15%,3%,8%,1%,3%,2%,8%,1%,14%,1%,,64%,68%,61%,44%,-20%,6%,4%,7%,16%,10%,8%,9%,12%,8%,0%,1%,2%,1%,2%,1%,100%,100%,100%,100%,0%,2472,2531,2599,2730,141,158,133,140,274,267,330,333,49,59,52,51,3595,3746,3879,4405,NA,NA,NA,NA,NA,NA,NA,NA,NA,NA,NA,NA,NA,NA,NA,NA,NA,NA,NA,NA
108956,Non-London,Primary,287,11.6,LOW,4517,66,4583,2017,74,921,290,446,180,194,75,102,21,22,46,4388,2775,2662,2985,2938,163,140,179,227,74,-66,360,358,462,446,86,42,45,58,75,33,3904,3870,4310,4388,484,99%,1%,,46%,2%,21%,7%,10%,4%,4%,2%,2%,0%,1%,1%,,71%,69%,69%,67%,-4%,4%,5%,5%,2%,-2%,9%,9%,11%,10%,1%,1%,1%,1%,2%,1%,100%,100%,100%,100%,0%,2472,2531,2599,2730,141,158,133,140,274,267,330,333,49,59,52,51,3595,3746,3879,4405,NA,NA,NA,NA,NA,NA,NA,NA,NA,NA,NA,NA,NA,NA,NA,NA,NA,NA,NA,NA
108960,Non-London,Primary,193,3.9,LOW,11062,382,11443,4746,579,1465,679,1023,183,226,147,398,154,434,135,10170,2676,3023,SUPP,6211,3535,192,232,187,579,387,330,460,369,1023,693,62,79,98,147,85,4002,4826,4267,10170,6168,97%,3%,,47%,6%,14%,7%,10%,2%,2%,1%,4%,2%,4%,1%,,67%,63%,SUPP,61%,-6%,5%,5%,4%,6%,1%,8%,10%,9%,10%,2%,2%,2%,2%,1%,-1%,100%,100%,100%,100%,0%,2472,2531,2599,2730,141,158,133,140,274,267,330,333,49,59,52,51,3595,3746,3879,4405,NA,NA,NA,NA,NA,NA,NA,NA,NA,NA,NA,NA,NA,NA,NA,NA,NA,NA,NA,NA
108964,Non-London,Primary,294,5.4,LOW,3805,156,3961,2069,114,662,328,304,124,74,12,230,16,19,54,4006,2705,2628,3009,2731,26,162,168,111,114,-48,283,318,338,304,21,47,56,50,12,-35,3986,3788,3960,4006,20,96%,4%,,52%,3%,17%,8%,8%,3%,2%,0%,6%,0%,0%,1%,,68%,69%,76%,68%,0%,4%,4%,3%,3%,-1%,7%,8%,9%,8%,1%,1%,1%,1%,0%,-1%,100%,100%,100%,100%,0%,2472,2531,2599,2730,141,158,133,140,274,267,330,333,49,59,52,51,3595,3746,3879,4405,NA,NA,NA,NA,NA,NA,NA,NA,NA,NA,NA,NA,NA,NA,NA,NA,NA,NA,NA,NA
108966,Non-London,Primary,267,20.6,MEDIUM,4841,66,4907,2203,60,681,280,352,208,156,39,180,67,39,96,4361,2750,2630,2762,2884,134,78,142,75,60,-18,245,247,301,352,107,31,42,53,39,8,3954,3855,3983,4361,407,99%,1%,,51%,1%,16%,6%,8%,5%,4%,1%,4%,2%,1%,2%,,70%,68%,69%,66%,-4%,2%,4%,2%,1%,-1%,6%,6%,8%,8%,2%,1%,1%,1%,1%,0%,100%,100%,100%,100%,0%,2750,2760,2955,3266,174,147,149,122,275,277,307,390,52,60,59,60,4106,4202,4418,5106,NA,NA,NA,NA,NA,NA,NA,NA,NA,NA,NA,NA,NA,NA,NA,NA,NA,NA,NA,NA
108970,Non-London,Primary,177,42.4,HIGH,5486,35,5521,2598,234,661,408,452,202,150,60,384,120,175,56,5500,3168,3563,3493,3259,91,297,232,444,234,-63,321,329,417,452,131,61,64,66,60,-1,4879,5291,5730,5500,621,99%,1%,,47%,4%,12%,7%,8%,4%,3%,1%,7%,2%,3%,1%,,65%,67%,61%,59%,-6%,6%,4%,8%,4%,-2%,7%,6%,7%,8%,1%,1%,1%,1%,1%,0%,100%,100%,100%,100%,0%,3092,3142,3345,3299,214,232,222,234,327,333,426,537,71,80,73,68,4879,5094,5294,5790,NA,NA,NA,NA,NA,NA,NA,NA,NA,NA,NA,NA,NA,NA,NA,NA,NA,NA,NA,NA
108975,Non-London,Primary,596,8.4,LOW,4137,170,4307,1915,62,551,321,249,105,109,50,240,61,109,64,3837,2498,2588,2421,2466,-32,83,96,64,62,-21,224,242,225,249,25,46,42,56,50,4,3399,3716,3474,3837,438,96%,4%,,50%,2%,14%,8%,6%,3%,3%,1%,6%,2%,3%,2%,,73%,70%,70%,64%,-9%,2%,3%,2%,2%,0%,7%,7%,6%,6%,-1%,1%,1%,2%,1%,0%,100%,100%,100%,100%,0%,2472,2531,2599,2730,141,158,133,140,274,267,330,333,49,59,52,51,3595,3746,3879,4405,NA,NA,NA,NA,NA,NA,NA,NA,NA,NA,NA,NA,NA,NA,NA,NA,NA,NA,NA,NA
108976,Non-London,Primary,420,9.7,LOW,4073,28,4101,2031,75,768,197,332,93,134,34,128,112,28,36,3967,2469,2526,2599,2799,330,93,175,112,75,-18,203,223,313,332,129,33,38,34,34,1,3300,3518,3559,3967,667,99%,1%,,51%,2%,19%,5%,8%,2%,3%,1%,3%,3%,1%,1%,,75%,72%,73%,71%,-4%,3%,5%,3%,2%,-1%,6%,6%,9%,8%,2%,1%,1%,1%,1%,0%,100%,100%,100%,100%,0%,2472,2531,2599,2730,141,158,133,140,274,267,330,333,49,59,52,51,3595,3746,3879,4405,NA,NA,NA,NA,NA,NA,NA,NA,NA,NA,NA,NA,NA,NA,NA,NA,NA,NA,NA,NA
108980,Non-London,Primary,210,22.4,MEDIUM,4780,214,4995,1624,211,634,600,474,160,354,36,218,27,132,48,4515,2675,2652,2955,2258,-417,143,232,231,211,68,356,341,461,474,118,42,73,64,36,-6,4106,4159,4778,4515,409,96%,4%,,36%,5%,14%,13%,10%,4%,8%,1%,5%,1%,3%,1%,,65%,64%,62%,50%,-15%,3%,6%,5%,5%,2%,9%,8%,10%,10%,1%,1%,2%,1%,1%,0%,100%,100%,100%,100%,0%,2750,2760,2955,3266,174,147,149,122,275,277,307,390,52,60,59,60,4106,4202,4418,5106,NA,NA,NA,NA,NA,NA,NA,NA,NA,NA,NA,NA,NA,NA,NA,NA,NA,NA,NA,NA
108983,Non-London,Primary,217,18.9,LOW,4735,89,4824,2033,170,1024,200,360,156,143,49,268,62,37,48,4550,3124,SUPP,2757,3057,-67,125,89,216,170,45,276,244,314,360,84,62,57,56,49,-13,4312,3494,4081,4550,238,98%,2%,,45%,4%,23%,4%,8%,3%,3%,1%,6%,1%,1%,1%,,72%,SUPP,68%,67%,-5%,3%,3%,5%,4%,1%,6%,7%,8%,8%,2%,1%,2%,1%,1%,0%,100%,100%,100%,100%,0%,2750,2760,2955,2730,174,147,149,140,275,277,307,333,52,60,59,51,4106,4202,4418,4405,NA,NA,NA,NA,NA,NA,NA,NA,NA,NA,NA,NA,NA,NA,NA,NA,NA,NA,NA,NA
108985,Non-London,Primary,175,34,MEDIUM,4697,6,4703,1888,303,942,362,467,155,169,62,185,37,130,80,4779,2939,2838,SUPP,2830,-109,214,242,250,303,89,561,488,558,467,-94,84,90,78,62,-22,5018,4802,5254,4779,-239,100%,0%,,40%,6%,20%,8%,10%,3%,4%,1%,4%,1%,3%,2%,,59%,59%,SUPP,59%,0%,4%,5%,5%,6%,2%,11%,10%,11%,10%,-1%,2%,2%,1%,1%,-1%,100%,100%,100%,100%,0%,3092,3142,3345,3266,214,232,222,122,327,333,426,390,71,80,73,60,4879,5094,5294,5106,NA,NA,NA,NA,NA,NA,NA,NA,NA,NA,NA,NA,NA,NA,NA,NA,NA,NA,NA,NA
108986,Non-London,Primary,204,15.7,LOW,4505,39,4545,2014,133,473,269,393,94,170,47,214,61,56,45,3969,2401,2359,2363,2487,86,276,221,178,133,-143,301,328,354,393,92,22,62,50,47,25,3760,3865,3856,3969,209,99%,1%,,51%,3%,12%,7%,10%,2%,4%,1%,5%,2%,1%,1%,,64%,61%,61%,63%,-1%,7%,6%,5%,3%,-4%,8%,8%,9%,10%,2%,1%,2%,1%,1%,0%,100%,100%,100%,100%,0%,2472,2531,2599,2730,141,158,133,140,274,267,330,333,49,59,52,51,3595,3746,3879,4405,NA,NA,NA,NA,NA,NA,NA,NA,NA,NA,NA,NA,NA,NA,NA,NA,NA,NA,NA,NA
108991,Non-London,Primary,270,1.9,LOW,3981,149,4130,1852,104,859,203,302,249,34,48,90,200,39,39,4020,2497,2637,2721,2711,214,95,100,90,104,9,271,243,280,302,31,39,50,46,48,9,3281,3605,3485,4020,739,96%,4%,,46%,3%,21%,5%,8%,6%,1%,1%,2%,5%,1%,1%,,76%,73%,78%,67%,-9%,3%,3%,3%,3%,0%,8%,7%,8%,8%,0%,1%,1%,1%,1%,0%,100%,100%,100%,100%,0%,2472,2531,2599,2730,141,158,133,140,274,267,330,333,49,59,52,51,3595,3746,3879,4405,NA,NA,NA,NA,NA,NA,NA,NA,NA,NA,NA,NA,NA,NA,NA,NA,NA,NA,NA,NA
108992,Non-London,Primary,185,42.7,HIGH,6686,27,6712,2862,210,1033,441,588,174,198,75,494,29,180,38,6322,3544,3719,3694,3895,351,262,220,173,210,-52,333,503,434,588,255,70,96,88,75,5,5448,5733,6080,6322,874,100%,0%,,45%,3%,16%,7%,9%,3%,3%,1%,8%,0%,3%,1%,,65%,65%,61%,62%,-3%,5%,4%,3%,3%,-2%,6%,9%,7%,9%,3%,1%,2%,1%,1%,0%,100%,100%,100%,100%,0%,3092,3142,3345,3299,214,232,222,234,327,333,426,537,71,80,73,68,4879,5094,5294,5790,NA,NA,NA,NA,NA,NA,NA,NA,NA,NA,NA,NA,NA,NA,NA,NA,NA,NA,NA,NA
109110,Non-London,Primary,340,44.7,HIGH,5930,8,5938,2317,261,982,338,543,213,461,71,302,90,115,95,5790,2930,3016,SUPP,3299,369,189,277,242,261,72,454,493,480,543,89,79,101,88,71,-8,4877,5140,5169,5790,913,100%,0%,,40%,5%,17%,6%,9%,4%,8%,1%,5%,2%,2%,2%,,60%,59%,58%,57%,-3%,4%,5%,5%,5%,1%,9%,10%,9%,9%,0%,2%,2%,2%,1%,-1%,100%,100%,100%,100%,0%,3092,3142,3345,3299,214,232,222,234,327,333,426,537,71,80,73,68,4879,5094,5294,5790,NA,NA,NA,NA,NA,NA,NA,NA,NA,NA,NA,NA,NA,NA,NA,NA,NA,NA,NA,NA
109116,Non-London,Primary,751,2.3,LOW,3606,48,3653,1437,200,483,354,326,109,24,50,329,105,200,52,3671,1938,1886,SUPP,1920,-18,215,200,201,200,-15,275,229,263,326,51,43,46,37,50,7,3311,3110,2968,3671,360,99%,1%,,39%,5%,13%,10%,9%,3%,1%,1%,9%,3%,5%,1%,,59%,61%,63%,52%,-7%,6%,6%,7%,5%,-1%,8%,7%,9%,9%,1%,1%,1%,1%,1%,0%,100%,100%,100%,100%,0%,2472,2531,2599,2730,141,158,133,140,274,267,330,333,49,59,52,51,3595,3746,3879,4405,NA,NA,NA,NA,NA,NA,NA,NA,NA,NA,NA,NA,NA,NA,NA,NA,NA,NA,NA,NA
109118,Non-London,Primary,389,24.3,MEDIUM,5047,7,5054,2268,25,1025,251,316,162,176,57,148,44,31,54,4556,2764,2900,SUPP,3293,529,310,114,77,25,-285,298,279,297,316,18,54,82,62,57,3,4179,4067,4368,4556,377,100%,0%,,50%,1%,22%,6%,7%,4%,4%,1%,3%,1%,1%,1%,,66%,71%,73%,72%,6%,7%,3%,2%,1%,-6%,7%,7%,7%,7%,0%,1%,2%,1%,1%,0%,100%,100%,100%,100%,0%,2750,2760,2955,3266,174,147,149,122,275,277,307,390,52,60,59,60,4106,4202,4418,5106,NA,NA,NA,NA,NA,NA,NA,NA,NA,NA,NA,NA,NA,NA,NA,NA,NA,NA,NA,NA
109124,Non-London,Primary,296,28,MEDIUM,5720,18,5738,2675,195,1160,347,206,208,268,89,430,161,51,22,5811,3366,3401,3016,3835,469,121,189,81,195,74,301,253,63,206,-95,94,88,103,89,-5,4796,4875,3957,5811,1015,100%,0%,,46%,3%,20%,6%,4%,4%,5%,2%,7%,3%,1%,0%,,70%,70%,SUPP,66%,-4%,3%,4%,2%,3%,0%,6%,5%,2%,4%,-2%,2%,2%,3%,2%,0%,100%,100%,100%,100%,0%,3092,3142,2955,3266,214,232,149,122,327,333,307,390,71,80,59,60,4879,5094,4418,5106,NA,NA,NA,NA,NA,NA,NA,NA,NA,NA,NA,NA,NA,NA,NA,NA,NA,NA,NA,NA
109130,Non-London,Primary,390,40.7,HIGH,5478,102,5580,1951,199,908,262,340,160,198,77,443,172,175,126,5012,2492,2493,SUPP,2859,367,144,178,215,199,55,278,258,309,340,62,70,73,47,77,7,4205,4178,4284,5012,807,98%,2%,,39%,4%,18%,5%,7%,3%,4%,2%,9%,3%,3%,3%,,59%,60%,62%,57%,-2%,3%,4%,5%,4%,1%,7%,6%,7%,7%,0%,2%,2%,1%,2%,0%,100%,100%,100%,100%,0%,3092,3142,3345,3299,214,232,222,234,327,333,426,537,71,80,73,68,4879,5094,5294,5790,NA,NA,NA,NA,NA,NA,NA,NA,NA,NA,NA,NA,NA,NA,NA,NA,NA,NA,NA,NA
109131,Non-London,Primary,658,29.7,MEDIUM,5135,161,5296,2264,89,1153,378,309,164,139,66,271,89,62,119,5105,2873,2936,SUPP,3417,544,112,72,52,89,-23,219,243,276,309,90,38,39,60,66,28,3937,3953,4720,5105,1168,97%,3%,,44%,2%,23%,7%,6%,3%,3%,1%,5%,2%,1%,2%,,73%,74%,71%,67%,-6%,3%,2%,1%,2%,-1%,6%,6%,6%,6%,0%,1%,1%,1%,1%,0%,100%,100%,100%,100%,0%,3092,3142,3345,3266,214,232,222,122,327,333,426,390,71,80,73,60,4879,5094,5294,5106,NA,NA,NA,NA,NA,NA,NA,NA,NA,NA,NA,NA,NA,NA,NA,NA,NA,NA,NA,NA
109132,Non-London,Primary,409,13.4,LOW,5103,80,5183,1999,185,1033,259,310,166,208,52,376,64,25,53,4730,2575,2791,SUPP,3032,457,217,214,210,185,-32,253,250,272,310,57,46,59,54,52,6,4054,4202,4188,4730,676,98%,2%,,42%,4%,22%,5%,7%,4%,4%,1%,8%,1%,1%,1%,,64%,66%,68%,64%,0%,5%,5%,5%,4%,-1%,6%,6%,6%,7%,1%,1%,1%,1%,1%,0%,100%,100%,100%,100%,0%,2750,2760,2955,2730,174,147,149,140,275,277,307,333,52,60,59,51,4106,4202,4418,4405,NA,NA,NA,NA,NA,NA,NA,NA,NA,NA,NA,NA,NA,NA,NA,NA,NA,NA,NA,NA
109137,Non-London,Primary,315,36,HIGH,6916,54,6969,3260,267,1045,459,647,194,291,19,367,72,87,60,6766,3493,3496,SUPP,4305,812,173,262,232,267,94,287,357,510,647,360,73,79,84,19,-54,5089,5515,5771,6766,1677,99%,1%,,48%,4%,15%,7%,10%,3%,4%,0%,5%,1%,1%,1%,,69%,63%,66%,64%,-5%,3%,5%,4%,4%,1%,6%,6%,9%,10%,4%,1%,1%,1%,0%,-1%,100%,100%,100%,100%,0%,3092,3142,3345,3299,214,232,222,234,327,333,426,537,71,80,73,68,4879,5094,5294,5790,NA,NA,NA,NA,NA,NA,NA,NA,NA,NA,NA,NA,NA,NA,NA,NA,NA,NA,NA,NA
109139,Non-London,Primary,289,34.6,MEDIUM,5770,78,5848,2393,59,1048,717,219,206,217,23,252,53,20,90,5297,3399,3568,SUPP,3441,42,179,110,58,59,-120,210,270,233,219,9,141,146,88,23,-118,5064,5525,4899,5297,233,99%,1%,,45%,1%,20%,14%,4%,4%,4%,0%,5%,1%,0%,2%,,67%,65%,70%,65%,-2%,4%,2%,1%,1%,-3%,4%,5%,5%,4%,0%,3%,3%,2%,0%,-3%,100%,100%,100%,100%,0%,3092,3142,3345,3266,214,232,222,122,327,333,426,390,71,80,73,60,4879,5094,5294,5106,NA,NA,NA,NA,NA,NA,NA,NA,NA,NA,NA,NA,NA,NA,NA,NA,NA,NA,NA,NA
109140,Non-London,Primary,224,17.6,LOW,5262,40,5302,2245,191,925,509,381,114,164,57,247,86,30,56,5004,2910,3098,SUPP,3170,260,226,202,194,191,-35,222,223,218,381,159,55,65,58,57,2,4275,4666,4732,5004,729,99%,1%,,45%,4%,18%,10%,8%,2%,3%,1%,5%,2%,1%,1%,,68%,66%,SUPP,63%,-5%,5%,4%,4%,4%,-1%,5%,5%,5%,8%,3%,1%,1%,1%,1%,0%,100%,100%,100%,100%,0%,2750,2760,2599,2730,174,147,133,140,275,277,330,333,52,60,52,51,4106,4202,3879,4405,NA,NA,NA,NA,NA,NA,NA,NA,NA,NA,NA,NA,NA,NA,NA,NA,NA,NA,NA,NA
109143,Non-London,Primary,415,10.6,LOW,4582,178,4760,2059,134,853,269,252,127,146,40,242,40,131,83,4377,2469,2490,SUPP,2912,443,131,131,110,134,3,284,308,322,252,-32,42,49,45,40,-2,3730,3933,4196,4377,647,96%,4%,,47%,3%,19%,6%,6%,3%,3%,1%,6%,1%,3%,2%,,66%,63%,67%,67%,1%,4%,3%,3%,3%,-1%,8%,8%,8%,6%,-2%,1%,1%,1%,1%,0%,100%,100%,100%,100%,0%,2750,2760,2599,2730,174,147,133,140,275,277,330,333,52,60,52,51,4106,4202,3879,4405,NA,NA,NA,NA,NA,NA,NA,NA,NA,NA,NA,NA,NA,NA,NA,NA,NA,NA,NA,NA
109144,Non-London,Primary,229,41.9,HIGH,5961,144,6105,2453,183,849,692,513,233,145,60,260,76,97,49,5609,3092,3130,SUPP,3302,210,237,219,133,183,-54,373,372,466,513,140,60,88,61,60,0,4838,5086,4835,5609,771,98%,2%,,44%,3%,15%,12%,9%,4%,3%,1%,5%,1%,2%,1%,,64%,62%,63%,59%,-5%,5%,4%,3%,3%,-2%,8%,7%,10%,9%,1%,1%,2%,1%,1%,0%,100%,100%,100%,100%,0%,3092,3142,3345,3299,214,232,222,234,327,333,426,537,71,80,73,68,4879,5094,5294,5790,NA,NA,NA,NA,NA,NA,NA,NA,NA,NA,NA,NA,NA,NA,NA,NA,NA,NA,NA,NA
109145,Non-London,Primary,86,30.1,MEDIUM,7192,62,7254,2969,279,1276,579,739,136,180,97,282,0,6,41,6584,3966,4547,SUPP,4245,279,299,349,183,279,-20,495,510,868,739,244,90,87,97,97,7,5781,6527,6460,6584,803,99%,1%,,45%,4%,19%,9%,11%,2%,3%,1%,4%,0%,0%,1%,,69%,70%,SUPP,64%,-5%,5%,5%,3%,4%,-1%,9%,8%,13%,11%,2%,2%,1%,2%,1%,-1%,100%,100%,100%,100%,0%,2750,2760,2955,3266,174,147,149,122,275,277,307,390,52,60,59,60,4106,4202,4418,5106,NA,NA,NA,NA,NA,NA,NA,NA,NA,NA,NA,NA,NA,NA,NA,NA,NA,NA,NA,NA
109146,Non-London,Primary,392,5.1,LOW,3830,148,3978,1980,88,596,345,272,98,106,73,140,41,76,71,3887,2463,2531,SUPP,2576,113,111,148,44,88,-23,223,233,196,272,49,54,56,75,73,19,3538,3711,3558,3887,349,96%,4%,,51%,2%,15%,9%,7%,3%,3%,2%,4%,1%,2%,2%,,70%,68%,72%,66%,-4%,3%,4%,1%,2%,-1%,6%,6%,5%,7%,1%,2%,1%,2%,2%,0%,100%,100%,100%,100%,0%,2472,2531,2599,2730,141,158,133,140,274,267,330,333,49,59,52,51,3595,3746,3879,4405,NA,NA,NA,NA,NA,NA,NA,NA,NA,NA,NA,NA,NA,NA,NA,NA,NA,NA,NA,NA
109147,Non-London,Primary,429,19.1,LOW,4632,81,4713,1888,121,840,340,336,110,169,48,305,166,115,46,4484,2916,2733,SUPP,2728,-188,298,181,165,121,-177,285,234,286,336,51,52,59,57,48,-4,4389,4043,4227,4484,95,98%,2%,,42%,3%,19%,8%,7%,2%,4%,1%,7%,4%,3%,1%,,66%,68%,65%,61%,-5%,7%,4%,4%,3%,-4%,6%,6%,7%,7%,1%,1%,1%,1%,1%,0%,100%,100%,100%,100%,0%,2472,2531,2955,2730,141,158,149,140,274,267,307,333,49,59,59,51,3595,3746,4418,4405,NA,NA,NA,NA,NA,NA,NA,NA,NA,NA,NA,NA,NA,NA,NA,NA,NA,NA,NA,NA
109148,Non-London,Primary,196,26,MEDIUM,5575,183,5758,2459,398,633,332,515,147,257,48,291,122,33,54,5289,3092,2956,SUPP,3092,0,102,100,90,398,296,438,412,449,515,77,47,46,54,48,1,4643,4457,4580,5289,646,97%,3%,,46%,8%,12%,6%,10%,3%,5%,1%,6%,2%,1%,1%,,67%,66%,67%,58%,-9%,2%,2%,2%,8%,6%,9%,9%,10%,10%,1%,1%,1%,1%,1%,0%,100%,100%,100%,100%,0%,2750,2760,2955,3266,174,147,149,122,275,277,307,390,52,60,59,60,4106,4202,4418,5106,NA,NA,NA,NA,NA,NA,NA,NA,NA,NA,NA,NA,NA,NA,NA,NA,NA,NA,NA,NA
109243,Non-London,Primary,204,30.4,MEDIUM,5795,61,5856,2496,130,1110,455,389,187,145,54,350,44,95,26,5480,3166,3270,SUPP,3606,440,157,96,149,130,-27,216,250,313,389,173,58,66,56,54,-4,4406,4516,4769,5480,1074,99%,1%,,46%,2%,20%,8%,7%,3%,3%,1%,6%,1%,2%,0%,,72%,72%,SUPP,66%,-6%,4%,2%,3%,2%,-2%,5%,6%,7%,7%,2%,1%,1%,1%,1%,0%,100%,100%,100%,100%,0%,2750,3142,2955,3266,174,232,149,122,275,333,307,390,52,80,59,60,4106,5094,4418,5106,NA,NA,NA,NA,NA,NA,NA,NA,NA,NA,NA,NA,NA,NA,NA,NA,NA,NA,NA,NA
109244,Non-London,Primary,197,15.2,LOW,5057,92,5149,2319,233,954,550,264,143,138,93,268,19,110,14,5105,2770,2630,SUPP,3273,503,180,197,94,233,53,243,236,247,264,21,66,68,63,93,27,4133,4188,4121,5105,972,98%,2%,,45%,5%,19%,11%,5%,3%,3%,2%,5%,0%,2%,0%,,67%,63%,SUPP,64%,-3%,4%,5%,2%,5%,1%,6%,6%,6%,5%,-1%,2%,2%,2%,2%,0%,100%,100%,100%,100%,0%,2750,2760,2599,2730,174,147,133,140,275,277,330,333,52,60,52,51,4106,4202,3879,4405,NA,NA,NA,NA,NA,NA,NA,NA,NA,NA,NA,NA,NA,NA,NA,NA,NA,NA,NA,NA
109245,Non-London,Primary,207,3.4,LOW,4272,168,4440,2400,66,609,523,312,103,81,60,203,95,118,27,4596,2639,2553,SUPP,3009,370,21,143,31,66,45,207,215,273,312,105,58,66,63,60,2,3575,3746,3743,4596,1021,96%,4%,,52%,1%,13%,11%,7%,2%,2%,1%,4%,2%,3%,1%,,74%,68%,73%,65%,-9%,1%,4%,1%,1%,0%,6%,6%,7%,7%,1%,2%,2%,2%,1%,-1%,100%,100%,100%,100%,0%,2472,2531,2599,2730,141,158,133,140,274,267,330,333,49,59,52,51,3595,3746,3879,4405,NA,NA,NA,NA,NA,NA,NA,NA,NA,NA,NA,NA,NA,NA,NA,NA,NA,NA,NA,NA
109246,Non-London,Primary,186,3.8,LOW,4219,101,4320,1810,115,616,832,419,107,165,40,192,17,39,11,4363,3053,2836,SUPP,2426,-627,244,205,93,115,-129,327,331,426,419,92,55,58,48,40,-15,4444,4185,3701,4363,-81,98%,2%,,41%,3%,14%,19%,10%,2%,4%,1%,4%,0%,1%,0%,,69%,68%,66%,56%,-13%,5%,5%,3%,3%,-2%,7%,8%,12%,10%,3%,1%,1%,1%,1%,0%,100%,100%,100%,100%,0%,2472,2531,2599,2730,141,158,133,140,274,267,330,333,49,59,52,51,3595,3746,3879,4405,NA,NA,NA,NA,NA,NA,NA,NA,NA,NA,NA,NA,NA,NA,NA,NA,NA,NA,NA,NA
109247,Non-London,Primary,211,13.3,LOW,4703,62,4765,2055,275,698,372,474,110,109,54,169,185,18,47,4565,2634,2811,SUPP,2753,119,168,247,185,275,107,292,347,438,474,182,61,71,61,54,-7,3893,4190,4256,4565,672,99%,1%,,45%,6%,15%,8%,10%,2%,2%,1%,4%,4%,0%,1%,,68%,67%,67%,60%,-8%,4%,6%,4%,6%,2%,8%,8%,10%,10%,2%,2%,2%,1%,1%,-1%,100%,100%,100%,100%,0%,2472,2531,2599,2730,141,158,133,140,274,267,330,333,49,59,52,51,3595,3746,3879,4405,NA,NA,NA,NA,NA,NA,NA,NA,NA,NA,NA,NA,NA,NA,NA,NA,NA,NA,NA,NA
109251,Non-London,Primary,210,7.6,LOW,4547,73,4620,2054,203,625,551,867,117,155,55,180,89,95,24,5014,2484,2493,SUPP,2679,195,143,201,241,203,60,355,391,452,867,512,84,76,69,55,-29,3722,3830,4060,5014,1292,98%,2%,,41%,4%,12%,11%,17%,2%,3%,1%,4%,2%,2%,0%,,67%,65%,62%,53%,-14%,4%,5%,6%,4%,0%,10%,10%,11%,17%,7%,2%,2%,2%,1%,-1%,100%,100%,100%,100%,0%,2472,2531,2599,2730,141,158,133,140,274,267,330,333,49,59,52,51,3595,3746,3879,4405,NA,NA,NA,NA,NA,NA,NA,NA,NA,NA,NA,NA,NA,NA,NA,NA,NA,NA,NA,NA
109252,Non-London,Primary,135,53.3,HIGH,7301,45,7347,2121,750,1061,452,537,287,305,68,322,45,534,23,6505,2834,2766,SUPP,3182,348,273,139,399,750,477,428,446,436,537,109,71,72,83,68,-3,4728,4693,5693,6505,1777,99%,1%,,33%,12%,16%,7%,8%,4%,5%,1%,5%,1%,8%,0%,,60%,59%,54%,49%,-11%,6%,3%,7%,12%,6%,9%,10%,8%,8%,-1%,2%,2%,1%,1%,-1%,100%,100%,100%,100%,0%,3092,3142,3345,3299,214,232,222,234,327,333,426,537,71,80,73,68,4879,5094,5294,5790,NA,NA,NA,NA,NA,NA,NA,NA,NA,NA,NA,NA,NA,NA,NA,NA,NA,NA,NA,NA
109254,Non-London,Primary,207,4.8,LOW,4497,70,4566,1877,129,860,523,464,101,167,59,263,98,70,26,4637,2218,2265,SUPP,2737,519,170,186,148,129,-41,360,313,381,464,104,170,64,64,59,-111,4172,3570,3929,4637,465,98%,2%,,40%,3%,19%,11%,10%,2%,4%,1%,6%,2%,2%,1%,,53%,63%,SUPP,59%,6%,4%,5%,4%,3%,-1%,9%,9%,10%,10%,1%,4%,2%,2%,1%,-3%,100%,100%,100%,100%,0%,2472,2531,2599,2730,141,158,133,140,274,267,330,333,49,59,52,51,3595,3746,3879,4405,NA,NA,NA,NA,NA,NA,NA,NA,NA,NA,NA,NA,NA,NA,NA,NA,NA,NA,NA,NA
109255,Non-London,Primary,411,3.9,LOW,3908,407,4316,1895,179,501,247,402,97,170,45,350,31,41,18,3976,2373,2303,SUPP,2396,23,137,125,161,179,42,226,234,384,402,176,42,41,40,45,3,3347,3384,3459,3976,629,91%,9%,,48%,5%,13%,6%,10%,2%,4%,1%,9%,1%,1%,0%,,71%,68%,66%,60%,-11%,4%,4%,5%,5%,1%,7%,7%,11%,10%,3%,1%,1%,1%,1%,0%,100%,100%,100%,100%,0%,2472,2531,2599,2730,141,158,133,140,274,267,330,333,49,59,52,51,3595,3746,3879,4405,NA,NA,NA,NA,NA,NA,NA,NA,NA,NA,NA,NA,NA,NA,NA,NA,NA,NA,NA,NA
109278,Non-London,Secondary with KS4,1194,15.5,LOW,5506,89,5595,3341,168,609,380,386,61,166,98,216,12,43,218,5698,3659,3819,SUPP,3950,291,43,91,132,168,125,324,383,384,386,62,87,122,91,98,11,5260,5627,5618,5698,438,98%,2%,,59%,3%,11%,7%,7%,1%,3%,2%,4%,0%,1%,4%,,70%,68%,71%,69%,-1%,1%,2%,2%,3%,2%,6%,7%,7%,7%,1%,2%,2%,2%,2%,0%,100%,100%,100%,100%,0%,3464,3502,3699,3506,52,91,148,168,526,479,478,447,82,122,101,98,5039,5214,5482,5420,NA,NA,NA,NA,NA,NA,NA,NA,NA,NA,NA,NA,NA,NA,NA,NA,NA,NA,NA,NA
109327,Non-London,Secondary with KS4,1662,6.8,LOW,4759,214,4973,2708,33,446,379,447,17,72,120,341,138,33,164,4899,3237,3087,SUPP,3154,-83,37,78,32,33,-4,526,480,437,447,-79,125,138,154,120,-5,5039,5009,4752,4899,-140,96%,4%,,55%,1%,9%,8%,9%,0%,1%,2%,7%,3%,1%,3%,,64%,62%,65%,64%,0%,1%,2%,1%,1%,0%,10%,10%,9%,9%,-1%,2%,3%,3%,2%,0%,100%,100%,100%,100%,0%,3464,3502,3699,3506,52,91,148,168,526,479,478,447,82,122,101,98,5039,5214,5482,5420,NA,NA,NA,NA,NA,NA,NA,NA,NA,NA,NA,NA,NA,NA,NA,NA,NA,NA,NA,NA
109331,Non-London,Secondary with KS4,728,13.9,LOW,5809,157,5965,2981,232,525,390,610,39,79,91,310,32,22,110,5420,3464,3502,SUPP,3506,42,70,139,216,232,162,457,479,555,610,153,82,34,112,91,9,4943,5214,5346,5420,477,97%,3%,,55%,4%,10%,7%,11%,1%,1%,2%,6%,1%,0%,2%,,70%,67%,64%,65%,-5%,1%,3%,4%,4%,3%,9%,9%,10%,11%,2%,2%,1%,2%,2%,0%,100%,100%,100%,100%,0%,3464,3502,3699,3506,52,91,148,168,526,479,478,447,82,122,101,98,5039,5214,5482,5420,NA,NA,NA,NA,NA,NA,NA,NA,NA,NA,NA,NA,NA,NA,NA,NA,NA,NA,NA,NA
109385,Non-London,Special,29,34.5,MEDIUM,33374,2179,35553,15474,598,4625,2583,2643,78,9968,390,768,443,3205,212,40988,32399,29455,SUPP,20099,-12300,707,596,411,598,-109,3454,3786,3253,2643,-811,628,474,488,390,-238,51834,46320,46927,40988,-10846,94%,6%,,38%,1%,11%,6%,6%,0%,24%,1%,2%,1%,8%,1%,,63%,64%,66%,49%,-14%,1%,1%,1%,1%,0%,7%,8%,7%,6%,-1%,1%,1%,1%,1%,0%,100%,100%,100%,100%,0%,32400,29455,30803,20099,707,596,411,598,3454,3786,3253,2643,628,474,488,390,51834,46320,46927,40988,NA,NA,NA,NA,NA,NA,NA,NA,NA,NA,NA,NA,NA,NA,NA,NA,NA,NA,NA,NA
109386,Non-London,Special,147,40.3,HIGH,26798,286,27084,9562,174,8542,2294,1947,192,702,167,1043,118,421,-48,25114,12891,13747,SUPP,18104,5213,317,166,152,174,-143,1528,2220,1798,1947,419,135,178,170,167,32,17651,19109,26159,25114,7463,99%,1%,,38%,1%,34%,9%,8%,1%,3%,1%,4%,0%,2%,0%,,73%,72%,66%,72%,-1%,2%,1%,1%,1%,-1%,9%,12%,7%,8%,-1%,1%,1%,1%,1%,0%,100%,100%,100%,100%,0%,18910,16324,17767,18257,299,606,588,174,1605,1739,1940,1947,229,360,299,291,25710,22195,26159,28542,NA,NA,NA,NA,NA,NA,NA,NA,NA,NA,NA,NA,NA,NA,NA,NA,NA,NA,NA,NA
109391,Non-London,Special,65,14.5,LOW,44273,3932,48205,11186,189,17552,4246,2254,135,2826,701,1166,376,4179,379,45190,23286,23407,SUPP,28738,5452,249,167,309,189,-60,1965,1641,2338,2254,289,791,923,1210,701,-90,32371,31923,43338,45190,12819,92%,8%,,25%,0%,39%,9%,5%,0%,6%,2%,3%,1%,9%,1%,,72%,73%,59%,64%,-8%,1%,1%,1%,0%,-1%,6%,5%,5%,5%,-1%,2%,3%,3%,2%,0%,100%,100%,100%,100%,0%,23286,23407,25522,28738,249,167,309,189,1965,1641,2338,2254,791,923,1210,701,32371,31923,43338,45190,NA,NA,NA,NA,NA,NA,NA,NA,NA,NA,NA,NA,NA,NA,NA,NA,NA,NA,NA,NA
109392,Non-London,Special,138,61.5,HIGH,26753,115,26867,10229,699,8028,2281,2926,726,713,337,1947,195,227,233,28542,12786,12987,SUPP,18257,5471,318,620,981,699,381,1566,1631,1474,2926,1360,431,389,299,337,-94,19087,21985,23021,28542,9455,100%,0%,,36%,2%,28%,8%,10%,3%,2%,1%,7%,1%,1%,1%,,67%,59%,66%,64%,-3%,2%,3%,4%,2%,0%,8%,7%,6%,10%,2%,2%,2%,1%,1%,-1%,100%,100%,100%,100%,0%,18910,16324,17767,18257,299,606,588,174,1605,1739,1940,1947,229,360,299,291,25710,22195,26159,28542,NA,NA,NA,NA,NA,NA,NA,NA,NA,NA,NA,NA,NA,NA,NA,NA,NA,NA,NA,NA
109393,Non-London,Special,108,47,HIGH,25047,390,25437,7194,133,10905,923,2017,29,1389,0,998,273,655,233,24749,14825,15075,SUPP,18099,3274,143,255,-34,133,-10,1089,843,1892,2017,928,0,0,0,0,0,19050,19016,19870,24749,5699,98%,2%,,29%,1%,44%,4%,8%,0%,6%,0%,4%,1%,3%,1%,,78%,79%,77%,73%,-5%,1%,1%,0%,1%,0%,6%,4%,10%,8%,2%,0%,0%,0%,0%,0%,100%,100%,100%,100%,0%,18910,16324,17767,18257,299,606,588,174,1605,1739,1940,1947,229,360,299,291,25710,22195,26159,28542,NA,NA,NA,NA,NA,NA,NA,NA,NA,NA,NA,NA,NA,NA,NA,NA,NA,NA,NA,NA
109394,Non-London,Special,36,69.7,HIGH,58492,1966,60458,15965,656,26816,10800,4091,2653,3894,728,6874,898,1333,246,74953,28087,28281,SUPP,42781,14694,-215,943,588,656,871,3796,4163,3964,4091,295,1070,1141,1124,728,-342,69629,73201,69495,74953,5324,97%,3%,,21%,1%,36%,14%,5%,4%,5%,1%,9%,1%,2%,0%,,40%,39%,64%,57%,17%,0%,1%,1%,1%,1%,5%,6%,6%,5%,0%,2%,2%,2%,1%,-1%,100%,100%,100%,100%,0%,18910,16324,17767,18257,299,606,588,174,1605,1739,1940,1947,229,360,299,291,25710,22195,26159,28542,NA,NA,NA,NA,NA,NA,NA,NA,NA,NA,NA,NA,NA,NA,NA,NA,NA,NA,NA,NA
109401,Non-London,Special,55,72.7,HIGH,22930,2198,25128,8737,2633,5929,1350,1852,391,359,291,623,48,1300,139,23650,19857,16324,SUPP,14666,-5191,187,606,1683,2633,2446,1713,1739,1958,1852,139,354,374,374,291,-63,25710,22195,26093,23650,-2060,91%,9%,,37%,11%,25%,6%,8%,2%,2%,1%,3%,0%,5%,1%,,77%,74%,68%,62%,-15%,1%,3%,6%,11%,10%,7%,8%,8%,8%,1%,1%,2%,1%,1%,0%,100%,100%,100%,100%,0%,18910,16324,17767,18257,299,606,588,174,1605,1739,1940,1947,229,360,299,291,25710,22195,26159,28542,NA,NA,NA,NA,NA,NA,NA,NA,NA,NA,NA,NA,NA,NA,NA,NA,NA,NA,NA,NA
109410,Non-London,Special,94,46.7,HIGH,34266,1328,35594,9665,115,14454,1925,1793,181,1607,216,1999,638,123,151,32868,18911,20719,21455,24119,5208,299,91,59,115,-184,1828,2586,1940,1793,-35,229,286,262,216,-13,26126,28238,29284,32868,6742,96%,4%,,29%,0%,44%,6%,5%,1%,5%,1%,6%,2%,0%,0%,,72%,73%,73%,73%,1%,1%,0%,0%,0%,-1%,7%,9%,7%,5%,-2%,1%,1%,1%,1%,0%,100%,100%,100%,100%,0%,18910,16324,17767,18257,299,606,588,174,1605,1739,1940,1947,229,360,299,291,25710,22195,26159,28542,NA,NA,NA,NA,NA,NA,NA,NA,NA,NA,NA,NA,NA,NA,NA,NA,NA,NA,NA,NA
131493,Non-London,Primary,437,11.8,LOW,4403,74,4478,2036,180,927,337,247,95,147,46,184,67,35,24,4323,2446,2544,2971,2963,517,135,147,201,180,45,178,182,235,247,69,49,52,47,46,-3,3461,3504,4119,4323,862,98%,2%,,47%,4%,21%,8%,6%,2%,3%,1%,4%,2%,1%,1%,,71%,73%,72%,69%,-2%,4%,4%,5%,4%,0%,5%,5%,6%,6%,1%,1%,1%,1%,1%,0%,100%,100%,100%,100%,0%,2472,2531,2599,2730,141,158,133,140,274,267,330,333,49,59,52,51,3595,3746,3879,4405,NA,NA,NA,NA,NA,NA,NA,NA,NA,NA,NA,NA,NA,NA,NA,NA,NA,NA,NA,NA
131496,Non-London,Primary,210,28.6,MEDIUM,5742,210,5952,2155,259,1083,858,545,156,202,140,329,295,78,112,6212,3561,3108,3072,3238,-323,172,471,345,259,87,374,388,404,545,171,144,204,170,140,-4,5271,5269,5389,6212,941,96%,4%,,35%,4%,17%,14%,9%,3%,3%,2%,5%,5%,1%,2%,,68%,59%,57%,52%,-16%,3%,9%,6%,4%,1%,7%,7%,8%,9%,2%,3%,4%,3%,2%,-1%,100%,100%,100%,100%,0%,3092,3142,3345,3266,214,232,222,122,327,333,426,390,71,80,73,60,4879,5094,5294,5106,NA,NA,NA,NA,NA,NA,NA,NA,NA,NA,NA,NA,NA,NA,NA,NA,NA,NA,NA,NA
131501,Non-London,Primary,223,19.3,LOW,5723,434,6158,2253,151,820,435,490,143,414,71,338,36,94,132,5378,3122,3155,3102,3073,-49,126,153,220,151,25,367,430,446,490,123,91,84,66,71,-20,4795,5092,5289,5378,583,93%,7%,,42%,3%,15%,8%,9%,3%,8%,1%,6%,1%,2%,2%,,65%,62%,59%,57%,-8%,3%,3%,4%,3%,0%,8%,8%,8%,9%,1%,2%,2%,1%,1%,-1%,100%,100%,100%,100%,0%,2750,2531,2599,2730,174,158,133,140,275,267,330,333,52,59,52,51,4106,3746,3879,4405,NA,NA,NA,NA,NA,NA,NA,NA,NA,NA,NA,NA,NA,NA,NA,NA,NA,NA,NA,NA
131522,Non-London,Primary,403,5.7,LOW,4075,77,4152,1845,104,565,393,304,110,151,49,399,168,63,54,4203,2217,2230,2209,2410,193,118,65,67,104,-14,253,229,222,304,51,42,47,48,49,7,3272,3244,3306,4203,931,98%,2%,,44%,2%,13%,9%,7%,3%,4%,1%,9%,4%,1%,1%,,68%,69%,67%,57%,-11%,4%,2%,2%,2%,-2%,8%,7%,7%,7%,-1%,1%,1%,1%,1%,0%,100%,100%,100%,100%,0%,2472,2531,2599,2730,141,158,133,140,274,267,330,333,49,59,52,51,3595,3746,3879,4405,NA,NA,NA,NA,NA,NA,NA,NA,NA,NA,NA,NA,NA,NA,NA,NA,NA,NA,NA,NA
132161,Non-London,Primary,500,6.8,LOW,4049,120,4169,1647,55,673,387,388,110,134,48,187,41,25,43,3737,2200,2114,2228,2320,120,107,81,56,55,-52,273,253,337,388,115,55,64,50,48,-7,3380,3283,3401,3737,357,97%,3%,,44%,1%,18%,10%,10%,3%,4%,1%,5%,1%,1%,1%,,65%,64%,66%,62%,-3%,3%,2%,2%,1%,-2%,8%,8%,10%,10%,2%,2%,2%,1%,1%,-1%,100%,100%,100%,100%,0%,2472,2531,2599,2730,141,158,133,140,274,267,330,333,49,59,52,51,3595,3746,3879,4405,NA,NA,NA,NA,NA,NA,NA,NA,NA,NA,NA,NA,NA,NA,NA,NA,NA,NA,NA,NA
132196,Non-London,Primary,405,31,MEDIUM,4993,139,5132,2039,41,975,201,391,140,138,19,223,73,134,53,4428,2650,2655,2864,3014,364,14,98,48,41,27,198,242,278,391,193,61,75,89,19,-42,3931,4436,4721,4428,497,97%,3%,,46%,1%,22%,5%,9%,3%,3%,0%,5%,2%,3%,1%,,67%,60%,61%,68%,1%,0%,2%,1%,1%,1%,5%,5%,6%,9%,4%,2%,2%,2%,0%,-2%,100%,100%,100%,100%,0%,2750,2760,2955,3266,174,147,149,122,275,277,307,390,52,60,59,60,4106,4202,4418,5106,NA,NA,NA,NA,NA,NA,NA,NA,NA,NA,NA,NA,NA,NA,NA,NA,NA,NA,NA,NA
132239,Non-London,Special,66,71,HIGH,28127,433,28560,14157,84,5548,1687,1754,658,427,334,2782,682,109,591,28812,20398,19892,19527,19705,-693,826,1013,956,84,-742,1605,1343,1973,1754,149,-328,360,307,334,662,26684,26858,27684,28812,2128,98%,2%,,49%,0%,19%,6%,6%,2%,1%,1%,10%,2%,0%,2%,,76%,74%,71%,68%,-8%,3%,4%,3%,0%,-3%,6%,5%,7%,6%,0%,-1%,1%,1%,1%,2%,100%,100%,100%,100%,0%,18910,16324,17767,18257,299,606,588,174,1605,1739,1940,1947,229,360,299,291,25710,22195,26159,28542,NA,NA,NA,NA,NA,NA,NA,NA,NA,NA,NA,NA,NA,NA,NA,NA,NA,NA,NA,NA
134914,Non-London,Primary,238,20.6,MEDIUM,5303,165,5468,2763,97,747,490,446,152,141,104,286,100,145,139,5611,2898,3096,3185,3510,612,166,71,159,97,-69,346,303,419,446,100,51,90,120,104,53,4667,4784,5073,5611,944,97%,3%,,49%,2%,13%,9%,8%,3%,3%,2%,5%,2%,3%,2%,,62%,65%,63%,63%,1%,4%,1%,3%,2%,-2%,7%,6%,8%,8%,1%,1%,2%,2%,2%,1%,100%,100%,100%,100%,0%,3092,2760,2955,3266,214,147,149,122,327,277,307,390,71,60,59,60,4879,4202,4418,5106,NA,NA,NA,NA,NA,NA,NA,NA,NA,NA,NA,NA,NA,NA,NA,NA,NA,NA,NA,NA
135203,Non-London,Primary,614,19.5,LOW,4730,121,4851,1963,237,806,472,255,140,198,51,324,45,50,44,4584,2620,2727,2702,2769,149,169,186,135,237,68,209,220,288,255,46,52,53,49,51,-1,4011,4201,4196,4584,573,98%,2%,,43%,5%,18%,10%,6%,3%,4%,1%,7%,1%,1%,1%,,65%,65%,64%,60%,-5%,4%,4%,3%,5%,1%,5%,5%,7%,6%,1%,1%,1%,1%,1%,0%,100%,100%,100%,100%,0%,2750,2760,2955,2730,174,147,149,140,275,277,307,333,52,60,59,51,4106,4202,4418,4405,NA,NA,NA,NA,NA,NA,NA,NA,NA,NA,NA,NA,NA,NA,NA,NA,NA,NA,NA,NA
135779,Non-London,Primary,206,28,MEDIUM,5904,205,6109,2490,213,1226,412,587,171,260,77,352,118,65,151,6123,3430,3183,3152,3716,286,414,387,301,213,-201,295,333,416,587,292,92,140,71,77,-15,5309,5051,5496,6123,814,97%,3%,,41%,3%,20%,7%,10%,3%,4%,1%,6%,2%,1%,2%,,65%,63%,57%,61%,-4%,8%,8%,5%,3%,-5%,6%,7%,8%,10%,4%,2%,3%,1%,1%,-1%,100%,100%,100%,100%,0%,3092,3142,2955,3266,214,232,149,122,327,333,307,390,71,80,59,60,4879,5094,4418,5106,NA,NA,NA,NA,NA,NA,NA,NA,NA,NA,NA,NA,NA,NA,NA,NA,NA,NA,NA,NA
135780,Non-London,Primary,463,21,MEDIUM,4900,212,5113,2296,59,921,432,341,143,238,44,330,92,29,51,4975,2636,2775,2978,3217,581,154,142,78,59,-95,246,275,307,341,95,42,61,47,44,2,3825,4181,4344,4975,1150,96%,4%,,46%,1%,19%,9%,7%,3%,5%,1%,7%,2%,1%,1%,,69%,66%,69%,65%,-4%,4%,3%,2%,1%,-3%,6%,7%,7%,7%,1%,1%,1%,1%,1%,0%,100%,100%,100%,100%,0%,2750,2760,2955,3266,174,147,149,122,275,277,307,390,52,60,59,60,4106,4202,4418,5106,NA,NA,NA,NA,NA,NA,NA,NA,NA,NA,NA,NA,NA,NA,NA,NA,NA,NA,NA,NA
135867,Non-London,Primary,741,15.7,LOW,4246,223,4468,1923,243,686,345,278,136,324,56,257,65,31,78,4422,2562,2595,2598,2609,47,143,173,201,243,100,198,199,245,278,80,36,43,58,56,20,3588,3823,3805,4422,834,95%,5%,,43%,5%,16%,8%,6%,3%,7%,1%,6%,1%,1%,2%,,71%,68%,68%,59%,-12%,4%,5%,5%,5%,1%,6%,5%,6%,6%,0%,1%,1%,2%,1%,0%,100%,100%,100%,100%,0%,2472,2531,2599,2730,141,158,133,140,274,267,330,333,49,59,52,51,3595,3746,3879,4405,NA,NA,NA,NA,NA,NA,NA,NA,NA,NA,NA,NA,NA,NA,NA,NA,NA,NA,NA,NA
135872,Non-London,Primary,414,30.2,MEDIUM,5222,65,5286,2015,132,690,477,293,155,196,55,701,149,199,44,5107,2639,2664,2610,2705,66,226,170,148,132,-94,273,321,265,293,20,56,63,59,55,-1,4070,4242,4418,5107,1037,99%,1%,,39%,3%,14%,9%,6%,3%,4%,1%,14%,3%,4%,1%,,65%,63%,59%,53%,-12%,6%,4%,3%,3%,-3%,7%,8%,6%,6%,-1%,1%,1%,1%,1%,0%,100%,100%,100%,100%,0%,2750,3142,2955,3266,174,232,149,122,275,333,307,390,52,80,59,60,4106,5094,4418,5106,NA,NA,NA,NA,NA,NA,NA,NA,NA,NA,NA,NA,NA,NA,NA,NA,NA,NA,NA,NA
136111,Non-London,Primary,559,18.6,LOW,4414,65,4479,1798,121,852,284,320,135,178,49,264,51,43,52,4147,2518,2330,2453,2650,132,243,113,98,121,-122,234,227,254,320,86,56,55,52,49,-7,3839,3468,3627,4147,308,99%,1%,,43%,3%,21%,7%,8%,3%,4%,1%,6%,1%,1%,1%,,66%,67%,68%,64%,-2%,6%,3%,3%,3%,-3%,6%,7%,7%,8%,2%,1%,2%,1%,1%,0%,100%,100%,100%,100%,0%,2750,2760,2955,2730,174,147,149,140,275,277,307,333,52,60,59,51,4106,4202,4418,4405,NA,NA,NA,NA,NA,NA,NA,NA,NA,NA,NA,NA,NA,NA,NA,NA,NA,NA,NA,NA
PRI,Non-London,Primary,801,,LOW,4456,95,4512,2007,140,726,340,333,115,154,51,245,61,42,48,4405,,,,,,,,,,,,,,,,,,,,,,,,,,NA,NA,,NA,NA,NA,NA,NA,NA,NA,NA,NA,NA,NA,NA,,,,,,,,,,,,,,,,,,,,,,,,,,,,,,,,,,,,,,,,,,,,,,,,,,,,,,,,,,,,,,,,,,
PRI,Non-London,Primary,801,,MEDIUM,5199,108,5291,2268,122,1027,422,390,156,188,60,281,81,64,54,5106,,,,,,,,,,,,,,,,,,,,,,,,,,NA,NA,,NA,NA,NA,NA,NA,NA,NA,NA,NA,NA,NA,NA,,,,,,,,,,,,,,,,,,,,,,,,,,,,,,,,,,,,,,,,,,,,,,,,,,,,,,,,,,,,,,,,,,
PRI,Non-London,Primary,801,,HIGH,5961,45,6105,2453,234,982,441,537,202,198,68,367,76,175,56,5790,,,,,,,,,,,,,,,,,,,,,,,,,,NA,NA,,NA,NA,NA,NA,NA,NA,NA,NA,NA,NA,NA,NA,,,,,,,,,,,,,,,,,,,,,,,,,,,,,,,,,,,,,,,,,,,,,,,,,,,,,,,,,,,,,,,,,,
SEC-WITH-KS4,Non-London,Secondary with KS4,801,,LOW,5506,157,5595,2981,168,525,380,447,39,79,98,310,32,33,164,5420,,,,,,,,,,,,,,,,,,,,,,,,,,NA,NA,,NA,NA,NA,NA,NA,NA,NA,NA,NA,NA,NA,NA,,,,,,,,,,,,,,,,,,,,,,,,,,,,,,,,,,,,,,,,,,,,,,,,,,,,,,,,,,,,,,,,,,
SPE,Non-London,Special,801,,LOW,44273,3932,48205,11186,189,17552,4246,2254,135,2826,701,1166,376,4179,379,45190,,,,,,,,,,,,,,,,,,,,,,,,,,NA,NA,,NA,NA,NA,NA,NA,NA,NA,NA,NA,NA,NA,NA,,,,,,,,,,,,,,,,,,,,,,,,,,,,,,,,,,,,,,,,,,,,,,,,,,,,,,,,,,,,,,,,,,
SPE,Non-London,Special,801,,MEDIUM,33374,2179,35553,15474,598,4625,2583,2643,78,9968,390,768,443,3205,212,40988,,,,,,,,,,,,,,,,,,,,,,,,,,NA,NA,,NA,NA,NA,NA,NA,NA,NA,NA,NA,NA,NA,NA,,,,,,,,,,,,,,,,,,,,,,,,,,,,,,,,,,,,,,,,,,,,,,,,,,,,,,,,,,,,,,,,,,
SPE,Non-London,Special,801,,HIGH,26798,433,27084,9665,174,8542,1925,1947,391,713,291,1947,273,421,233,28542,,,,,,,,,,,,,,,,,,,,,,,,,,NA,NA,,NA,NA,NA,NA,NA,NA,NA,NA,NA,NA,NA,NA,,,,,,,,,,,,,,,,,,,,,,,,,,,,,,,,,,,,,,,,,,,,,,,,,,,,,,,,,,,,,,,,,,
NATPRI,,Primary,,,,4567,134,4732,2119,132,776,307,366,150,156,61,201,68,79,89,4643,2801,2826,2866,2926,125,120,118,127,132,12,323,332,351,366,43,56,64,65,61,5,4207,4283,4431,4643,436,NA,NA,,NA,NA,NA,NA,NA,NA,NA,NA,NA,NA,NA,NA,,,,,,,,,,,,,,,,,,,,,,,,,,,5,,,,,,,,,,,,,,,,,,,,,,,,,,,,,,,,,,,,,,,
NATSEC-WITH-KS4,,Secondary with KS4,,,,5694,155,5894,3202,124,626,384,544,61,104,99,241,77,67,223,5944,3646,3694,3775,3825,,87,99,114,124,,488,504,531,544,,86,97,103,99,,5502,5671,5856,5944,,NA,NA,,NA,NA,NA,NA,NA,NA,NA,NA,NA,NA,NA,NA,,,,,,,,,,,,,,,,,,,,,,,,,,,,,,,,,,,,,,,,,,,,,,,,,,,,,,,,,,,,,,,,,,
NATSEC-WITHOUT-KS4,,Secondary without KS4,,,,4587,146,4801,2655,100,522,320,413,43,116,78,226,54,59,120,4865,3082,3141,3176,3146,,103,86,94,100,,346,366,381,413,,73,84,85,78,,4498,4668,4878,4865,,NA,NA,,NA,NA,NA,NA,NA,NA,NA,NA,NA,NA,NA,NA,,,,,,,,,,,,,,,,,,,,,,,,,,,,,,,,,,,,,,,,,,,,,,,,,,,,,,,,,,,,,,,,,,
NATSPE,,Special,,,,22209,486,23035,8190,363,7168,1432,1692,281,684,292,740,212,261,142,22631,15296,15310,15492,15580,284,366,391,399,363,-3,1516,1579,1624,1692,176,274,306,296,292,18,21730,21810,22334,22631,901,NA,NA,,NA,NA,NA,NA,NA,NA,NA,NA,NA,NA,NA,NA,,,,,,,,,,,,,,,,,,,,,,,,,,,18,,,,,,,,,,,,,,,,,,,,,,,,,,,,,,,,,,,,,,,
LONDON-PRI,London,Primary,,,LOW,4876,146,5080,2297,165,868,328,398,140,166,57,200,78,95,93,5002,,,,,,,,,,,,,,,,,,,,,,,,,,NA,NA,,NA,NA,NA,NA,NA,NA,NA,NA,NA,NA,NA,NA,,,,,,,,,,,,,,,,,,,,,,,,,,,,,,,,,,,,,,,,,,,,,,,,,,,,,,,,,,,,,,,,,,
LONDON-PRI,London,Primary,,,MEDIUM,6020,118,6223,2547,250,1122,408,461,203,198,65,248,92,139,107,6116,,,,,,,,,,,,,,,,,,,,,,,,,,NA,NA,,NA,NA,NA,NA,NA,NA,NA,NA,NA,NA,NA,NA,,,,,,,,,,,,,,,,,,,,,,,,,,,,,,,,,,,,,,,,,,,,,,,,,,,,,,,,,,,,,,,,,,
LONDON-PRI,London,Primary,,,HIGH,6914,113,7062,2773,273,1216,497,557,278,229,71,277,109,248,125,6950,,,,,,,,,,,,,,,,,,,,,,,,,,NA,NA,,NA,NA,NA,NA,NA,NA,NA,NA,NA,NA,NA,NA,,,,,,,,,,,,,,,,,,,,,,,,,,,,,,,,,,,,,,,,,,,,,,,,,,,,,,,,,,,,,,,,,,
LONDON-SEC-WITH-KS4,London,Secondary with KS4,,,LOW,6164,169,6399,3613,156,600,403,600,51,109,90,243,94,75,217,6410,,,,,,,,,,,,,,,,,,,,,,,,,,NA,NA,,NA,NA,NA,NA,NA,NA,NA,NA,NA,NA,NA,NA,,,,,,,,,,,,,,,,,,,,,,,,,,,,,,,,,,,,,,,,,,,,,,,,,,,,,,,,,,,,,,,,,,
LONDON-SEC-WITH-KS4,London,Secondary with KS4,,,MEDIUM,7496,154,7703,4029,194,768,475,733,120,135,100,291,128,119,256,7867,,,,,,,,,,,,,,,,,,,,,,,,,,NA,NA,,NA,NA,NA,NA,NA,NA,NA,NA,NA,NA,NA,NA,,,,,,,,,,,,,,,,,,,,,,,,,,,,,,,,,,,,,,,,,,,,,,,,,,,,,,,,,,,,,,,,,,
LONDON-SEC-WITH-KS4,London,Secondary with KS4,,,HIGH,8888,146,8989,4602,269,975,647,825,202,169,113,440,182,180,286,8874,,,,,,,,,,,,,,,,,,,,,,,,,,NA,NA,,NA,NA,NA,NA,NA,NA,NA,NA,NA,NA,NA,NA,,,,,,,,,,,,,,,,,,,,,,,,,,,,,,,,,,,,,,,,,,,,,,,,,,,,,,,,,,,,,,,,,,
LONDON-SEC-WITHOUT-KS4,London,Secondary without KS4,,,LOW,5907,147,6053,3137,64,888,362,631,86,122,81,372,157,75,183,6156,,,,,,,,,,,,,,,,,,,,,,,,,,NA,NA,,NA,NA,NA,NA,NA,NA,NA,NA,NA,NA,NA,NA,,,,,,,,,,,,,,,,,,,,,,,,,,,,,,,,,,,,,,,,,,,,,,,,,,,,,,,,,,,,,,,,,,
LONDON-SPE,London,Special,,,LOW,20373,731,20419,10325,325,3305,146,2313,16,544,0,772,381,387,79,19758,,,,,,,,,,,,,,,,,,,,,,,,,,NA,NA,,NA,NA,NA,NA,NA,NA,NA,NA,NA,NA,NA,NA,,,,,,,,,,,,,,,,,,,,,,,,,,,,,,,,,,,,,,,,,,,,,,,,,,,,,,,,,,,,,,,,,,
LONDON-SPE,London,Special,,,MEDIUM,27319,462,27492,9795,379,8763,1472,2047,209,748,303,824,244,581,172,27046,,,,,,,,,,,,,,,,,,,,,,,,,,NA,NA,,NA,NA,NA,NA,NA,NA,NA,NA,NA,NA,NA,NA,,,,,,,,,,,,,,,,,,,,,,,,,,,,,,,,,,,,,,,,,,,,,,,,,,,,,,,,,,,,,,,,,,
LONDON-SPE,London,Special,,,HIGH,29195,372,29530,10475,834,8041,1865,2415,356,802,350,839,283,741,186,29602,,,,,,,,,,,,,,,,,,,,,,,,,,NA,NA,,NA,NA,NA,NA,NA,NA,NA,NA,NA,NA,NA,NA,,,,,,,,,,,,,,,,,,,,,,,,,,,,,,,,,,,,,,,,,,,,,,,,,,,,,,,,,,,,,,,,,,
NON-LONDON-PRI,Non-London,Primary,,,LOW,4244,146,4421,2057,122,696,283,348,134,147,58,191,64,70,86,4355,,,,,,,,,,,,,,,,,,,,,,,,,,NA,NA,,NA,NA,NA,NA,NA,NA,NA,NA,NA,NA,NA,NA,,,,,,,,,,,,,,,,,,,,,,,,,,,,,,,,,,,,,,,,,,,,,,,,,,,,,,,,,,,,,,,,,,
NON-LONDON-PRI,Non-London,Primary,,,MEDIUM,4985,98,5100,2150,140,955,346,375,182,169,67,221,72,90,92,4998,,,,,,,,,,,,,,,,,,,,,,,,,,NA,NA,,NA,NA,NA,NA,NA,NA,NA,NA,NA,NA,NA,NA,,,,,,,,,,,,,,,,,,,,,,,,,,,,,,,,,,,,,,,,,,,,,,,,,,,,,,,,,,,,,,,,,,
NON-LONDON-PRI,Non-London,Primary,,,HIGH,5540,90,5659,2313,156,1072,396,420,226,180,77,246,79,106,98,5565,,,,,,,,,,,,,,,,,,,,,,,,,,NA,NA,,NA,NA,NA,NA,NA,NA,NA,NA,NA,NA,NA,NA,,,,,,,,,,,,,,,,,,,,,,,,,,,,,,,,,,,,,,,,,,,,,,,,,,,,,,,,,,,,,,,,,,
NON-LONDON-SEC-WITH-KS4,Non-London,Secondary with KS4,,,LOW,5310,163,5494,3061,107,573,355,493,42,92,95,218,73,58,221,5539,,,,,,,,,,,,,,,,,,,,,,,,,,NA,NA,,NA,NA,NA,NA,NA,NA,NA,NA,NA,NA,NA,NA,,,,,,,,,,,,,,,,,,,,,,,,,,,,,,,,,,,,,,,,,,,,,,,,,,,,,,,,,,,,,,,,,,
NON-LONDON-SEC-WITH-KS4,Non-London,Secondary with KS4,,,MEDIUM,6405,132,6593,3385,157,753,444,618,113,126,111,278,75,84,220,6650,,,,,,,,,,,,,,,,,,,,,,,,,,NA,NA,,NA,NA,NA,NA,NA,NA,NA,NA,NA,NA,NA,NA,,,,,,,,,,,,,,,,,,,,,,,,,,,,,,,,,,,,,,,,,,,,,,,,,,,,,,,,,,,,,,,,,,
NON-LONDON-SEC-WITH-KS4,Non-London,Secondary with KS4,,,HIGH,7079,146,7289,3617,169,804,564,852,160,126,129,283,64,79,220,7462,,,,,,,,,,,,,,,,,,,,,,,,,,NA,NA,,NA,NA,NA,NA,NA,NA,NA,NA,NA,NA,NA,NA,,,,,,,,,,,,,,,,,,,,,,,,,,,,,,,,,,,,,,,,,,,,,,,,,,,,,,,,,,,,,,,,,,
NON-LONDON-SEC-WITHOUT-KS4,Non-London,Secondary without KS4,,,LOW,4527,153,4772,2631,95,484,313,396,37,111,78,223,50,55,118,4811,,,,,,,,,,,,,,,,,,,,,,,,,,NA,NA,,NA,NA,NA,NA,NA,NA,NA,NA,NA,NA,NA,NA,,,,,,,,,,,,,,,,,,,,,,,,,,,,,,,,,,,,,,,,,,,,,,,,,,,,,,,,,,,,,,,,,,
NON-LONDON-SEC-WITHOUT-KS4,Non-London,Secondary without KS4,,,MEDIUM,5822,135,5983,3200,219,654,368,650,107,151,91,261,70,71,191,5849,,,,,,,,,,,,,,,,,,,,,,,,,,NA,NA,,NA,NA,NA,NA,NA,NA,NA,NA,NA,NA,NA,NA,,,,,,,,,,,,,,,,,,,,,,,,,,,,,,,,,,,,,,,,,,,,,,,,,,,,,,,,,,,,,,,,,,
NON-LONDON-SEC-WITHOUT-KS4,Non-London,Secondary without KS4,,,HIGH,5930,79,6009,2993,305,733,303,625,143,241,91,392,31,73,52,5981,,,,,,,,,,,,,,,,,,,,,,,,,,NA,NA,,NA,NA,NA,NA,NA,NA,NA,NA,NA,NA,NA,NA,,,,,,,,,,,,,,,,,,,,,,,,,,,,,,,,,,,,,,,,,,,,,,,,,,,,,,,,,,,,,,,,,,
NON-LONDON-SPE,Non-London,Special,,,LOW,22001,770,23035,8213,322,7911,1620,1742,164,627,322,688,227,231,133,22465,,,,,,,,,,,,,,,,,,,,,,,,,,NA,NA,,NA,NA,NA,NA,NA,NA,NA,NA,NA,NA,NA,NA,,,,,,,,,,,,,,,,,,,,,,,,,,,,,,,,,,,,,,,,,,,,,,,,,,,,,,,,,,,,,,,,,,
NON-LONDON-SPE,Non-London,Special,,,MEDIUM,20955,500,21769,7620,308,7250,1234,1465,226,671,273,702,192,191,130,21463,,,,,,,,,,,,,,,,,,,,,,,,,,NA,NA,,NA,NA,NA,NA,NA,NA,NA,NA,NA,NA,NA,NA,,,,,,,,,,,,,,,,,,,,,,,,,,,,,,,,,,,,,,,,,,,,,,,,,,,,,,,,,,,,,,,,,,
NON-LONDON-SPE,Non-London,Special,,,HIGH,21972,466,22764,8033,377,6852,1464,1721,327,665,287,763,197,257,139,22546,,,,,,,,,,,,,,,,,,,,,,,,,,NA,NA,,NA,NA,NA,NA,NA,NA,NA,NA,NA,NA,NA,NA,,,,,,,,,,,,,,,,,,,,,,,,,,,,,,,,,,,,,,,,,,,,,,,,,,,,,,,,,,,,,,,,,,
